Galaxy,Genuine_Failure,Min_Density_Msun_pc3,Rel_Violation,Max_LogLog_Gradient,Gradient_At_Min
NGC0100,False,,,,
UGC11820,False,,,,
UGC02487,False,,,,
UGC07399,False,,,,
NGC4183,False,,,,
NGC6503,False,,,,
UGC07577,False,,,,
NGC6946,True,-0.0036194036676669436,0.014808590720551516,2.596890893412138,1.591956675227716
NGC5585,False,,,,
UGC02916,False,,,,
UGC07866,False,,,,
UGC07559,False,,,,
UGC06628,False,,,,
UGC05750,False,,,,
F583-4,False,,,,
UGC03580,True,-1.2856628105971106e-06,1.3774951882864634e-06,2.1006672742149113,1.833242278566701
DDO154,False,,,,
NGC1003,True,-0.00041508923964295337,0.0163000178748996,2.5603893737379373,1.4034816803401817
NGC0024,False,,,,
F568-1,False,,,,
UGC09992,False,,,,
F565-V2,False,,,,
NGC6015,True,-0.000843327972626215,0.005815784520527805,2.831314060585311,2.361863805526457
NGC1090,False,,,,
NGC3992,False,,,,
UGC11914,False,,,,
UGC07125,True,-0.00045296964904273287,0.05638412014060332,2.4658454275942434,1.8002303560359423
UGC06818,False,,,,
ESO116-G012,False,,,,
NGC3726,False,,,,
UGC07608,False,,,,
NGC2998,False,,,,
UGC12732,False,,,,
F567-2,False,,,,
F571-V1,False,,,,
D564-8,False,,,,
NGC3972,False,,,,
NGC3741,False,,,,
UGC04325,False,,,,
NGC2955,False,,,,
NGC4100,True,-0.0014454490725570274,0.05045114870398761,2.2937061224262876,1.0124325225208302
ESO444-G084,False,,,,
UGC07151,False,,,,
CamB,False,,,,
UGC07323,False,,,,
DDO064,False,,,,
NGC3198,True,-1.5573922028985024e-05,0.00013821374030258157,1.9213857046070617,1.7535234317043542
NGC5371,True,-0.00015806586109144255,0.004305145753585867,2.3311508647900476,2.062909344503819
UGC11455,True,-0.0006172165171997305,0.006351303499042425,2.2716053634419286,1.870458074445251
UGC02259,False,,,,
D631-7,False,,,,
UGC06399,False,,,,
UGC12632,False,,,,
ESO079-G014,False,,,,
UGC04305,False,,,,
UGC05829,False,,,,
UGC05764,False,,,,
NGC4013,True,-0.004875466194664672,0.48953950470226193,2.4587840417531117,2.2046306819066817
NGC2403,True,-0.005382411481112147,0.013468093351147082,2.243176859032763,0.9174846774802707
UGC01281,False,,,,
F561-1,False,,,,
F571-8,False,,,,
UGC08490,True,-0.0019698815944081604,0.028000874440621784,2.125559306399059,1.649773541510435
UGC07524,False,,,,
KK98-251,False,,,,
NGC4010,False,,,,
NGC4157,False,,,,
NGC2915,False,,,,
NGC5907,False,,,,
PGC51017,False,,,,
UGC08550,False,,,,
DDO170,True,-4.138932924579548e-05,0.007778396806800869,2.1037134051396826,1.8319138684282996
NGC2841,True,-0.0006280264485575418,0.020796664171937675,2.341831013655814,1.9946691791812725
NGC5033,False,,,,
UGC02885,False,,,,
UGC05999,False,,,,
NGC6195,False,,,,
ESO563-G021,True,-0.0001810330898452526,0.0026176073132985335,2.098453535171933,1.7879103601412858
UGC04278,False,,,,
UGC06786,False,,,,
NGC2976,True,-0.009957670479831166,0.03370651095083512,1.6149232212195412,0.6484096163816241
NGC6674,False,,,,
UGC06446,False,,,,
NGC7331,True,-0.00018770348906885638,0.0031051873139573785,2.250341231473549,1.6416722413205092
UGC00191,False,,,,
NGC4559,False,,,,
F563-V1,False,,,,
UGC00128,True,-1.0331080301469197e-05,0.0019863302500655188,2.4269662779515717,2.3458462900250177
UGC10310,False,,,,
NGC2903,False,,,,
UGC03546,True,-4.491419293601081e-06,1.6853244365340154e-05,2.2276081355156023,2.0566102057169355
NGC5055,False,,,,
F563-1,False,,,,
UGC06787,False,,,,
UGC07089,False,,,,
NGC4217,False,,,,
UGC05918,False,,,,
NGC3893,False,,,,
UGC06930,True,-0.00011260797743035867,0.01281537336477878,2.092718723458768,2.0353867480571237
NGC7814,False,,,,
NGC3109,False,,,,
UGC05716,False,,,,
NGC0891,False,,,,
F568-V1,False,,,,
UGC06923,False,,,,
NGC2683,False,,,,
UGC12506,False,,,,
UGC00731,False,,,,
NGC3953,False,,,,
NGC4214,False,,,,
UGC04483,False,,,,
NGC2366,False,,,,
UGC08837,False,,,,
UGC05005,False,,,,
UGC09133,False,,,,
NGC0801,False,,,,
UGC02455,False,,,,
NGC4085,False,,,,
NGC4389,False,,,,
NGC7793,True,-0.00012011704306360108,0.00020246556612234416,2.1657399896827982,1.8870139867549967
UGC02953,True,-0.001873959313238629,0.0005443545645377035,2.222758182132425,1.8849432071061494
IC2574,False,,,,
NGC3877,False,,,,
NGC5985,False,,,,
UGC07690,False,,,,
F563-V2,False,,,,
UGC07603,False,,,,
DDO161,True,-0.000937076331775105,0.024886925038222943,2.5008692586475294,1.8644474100478643
UGC09037,False,,,,
UGC00891,False,,,,
UGC03205,False,,,,
F568-3,False,,,,
NGC0300,True,-0.001412780295412179,0.05809955978483853,2.402392887076506,1.2725545232619542
NGC0247,True,-0.0011530784893571914,0.06999982988403054,2.404395821953319,1.5170551679483364
NGC4068,False,,,,
NGC4138,False,,,,
F574-2,False,,,,
UGC05986,True,-0.00030643631304276764,0.008007104634658396,2.116451579105955,1.5842422788554478
UGC06667,False,,,,
NGC4051,False,,,,
UGC05253,False,,,,
UGC06917,False,,,,
NGC3521,True,-0.004176932919400915,0.010512697517773397,2.209561414855754,1.4557309737100612
UGC07261,False,,,,
UGC08699,True,-0.0008619772051839858,0.0010178583469247625,2.147032058664191,1.5162459447899315
UGCA442,True,-0.0006310568220547552,0.03204725888888929,2.5820073547705062,2.034049999737156
NGC3949,False,,,,
F574-1,False,,,,
NGC0055,False,,,,
UGCA281,False,,,,
UGC02023,False,,,,
UGC06983,False,,,,
NGC3769,False,,,,
UGC04499,False,,,,
IC4202,False,,,,
NGC0289,True,-4.078581693158386e-05,0.0013346191547444796,2.4558886823347734,2.1664206647212785
UGC08286,False,,,,
UGC05414,False,,,,
UGC05721,True,-0.001131180006767113,0.004404117059973833,2.1596125889261972,1.859161943331751
NGC1705,False,,,,
UGC06614,False,,,,
F579-V1,False,,,,
F583-1,False,,,,
NGC3917,True,-0.0001573812726840038,0.006208638946496402,2.2097095196135994,1.75857460170372
NGC5005,False,,,,
DDO168,False,,,,
UGC01230,False,,,,
NGC4088,False,,,,
UGC11557,False,,,,
UGC06973,False,,,,
